A xp inc é demais,16/07/20 15:00:00,web
A XP me fez ganhar muito mais dinheiro do que eu estava ganhando na poupança,16/07/20 15:00:00,android
Valeu XP,16/07/20 15:00:00,web
O CEO da XP Inc é o Benchimol,16/07/20 15:00:00,web
Benchimol é bala! XP Inc 4 rulez,16/07/20 15:00:00,web
Alguém aí está tendo problemas com a XP?,16/07/20 15:00:00,iphone
O app da xp é show!,16/07/20 15:00:00,web
Oi meu nome é Daniel e eu gostaria de saber como saber meu perfil de investidor na xp,16/07/20 15:00:00,ipad
Clear xp e rico é mesma empresa?,16/07/20 15:00:00,web
Amei o site da xp,16/07/20 15:00:00,mac
TMJ XP Inc,16/07/20 15:00:00,android
Obrigado assessores da XP Inc pelo apoio geral nos meus investimentos,16/07/20 15:00:00,iphone
Investir é muito mais fácil com a xp,16/07/20 15:00:00,android
Eu uso a xp investimentos para investir,16/07/20 15:00:00,others
Tenho aplicação na xp...estou curtindo,16/07/20 15:00:00,others
A xp inc é demais,16/07/20 15:00:00,iphone
A XP me fez ganhar muito mais dinheiro do que eu estava ganhando na poupança,16/07/20 15:00:00,others
Valeu XP,16/07/20 15:00:00,web
O CEO da XP Inc é o Benchimol,16/07/20 15:00:00,iphone
Benchimol é bala! XP Inc 4 rulez,16/07/20 15:00:00,android
Alguém aí está tendo problemas com a XP?,16/07/20 15:00:00,android
O app da xp é show!,16/07/20 15:00:00,web
Oi meu nome é Daniel e eu gostaria de saber como saber meu perfil de investidor na xp,16/07/20 15:00:00,android
Clear xp e rico é mesma empresa?,16/07/20 15:00:00,android
Amei o site da xp,16/07/20 15:00:00,others
TMJ XP Inc,16/07/20 15:00:00,android
Obrigado assessores da XP Inc pelo apoio geral nos meus investimentos,16/07/20 15:00:00,iphone
Investir é muito mais fácil com a xp,16/07/20 15:00:00,web
Eu uso a xp investimentos para investir,16/07/20 15:00:00,iphone
Tenho aplicação na xp...estou curtindo,16/07/20 15:00:00,others
A xp inc é demais,16/07/20 15:00:00,iphone
A XP me fez ganhar muito mais dinheiro do que eu estava ganhando na poupança,16/07/20 15:00:00,android
Valeu XP,16/07/20 15:00:00,web
O CEO da XP Inc é o Benchimol,16/07/20 15:00:00,iphone
Benchimol é bala! XP Inc 4 rulez,16/07/20 15:00:00,web
Alguém aí está tendo problemas com a XP?,16/07/20 15:00:00,iphone
O app da xp é show!,16/07/20 15:00:00,web
Oi meu nome é Daniel e eu gostaria de saber como saber meu perfil de investidor na xp,16/07/20 15:00:00,android
Clear xp e rico é mesma empresa?,16/07/20 15:00:00,web
Amei o site da xp,16/07/20 15:00:00,android
TMJ XP Inc,16/07/20 15:00:00,android
Obrigado assessores da XP Inc pelo apoio geral nos meus investimentos,16/07/20 15:00:00,windows
Investir é muito mais fácil com a xp,16/07/20 15:00:00,web
Eu uso a xp investimentos para investir,16/07/20 15:00:00,iphone
Tenho aplicação na xp...estou curtindo,16/07/20 15:00:00,others